date,close,high,low,open_price,volume
,ADMR.JK,ADMR.JK,ADMR.JK,ADMR.JK,ADMR.JK
2023-01-02,1680.0,1700.0,1675.0,1695.0,34382800
2023-01-03,1720.0,1730.0,1675.0,1680.0,62783100
2023-01-04,1640.0,1730.0,1635.0,1720.0,83456900
2023-01-05,1565.0,1690.0,1530.0,1690.0,116437700
2023-01-06,1560.0,1610.0,1535.0,1565.0,63606200
2023-01-09,1475.0,1585.0,1470.0,1570.0,64075500
2023-01-10,1515.0,1525.0,1420.0,1480.0,65298600
2023-01-11,1485.0,1525.0,1460.0,1515.0,73430700
2023-01-12,1575.0,1575.0,1475.0,1480.0,129608600
2023-01-13,1665.0,1670.0,1580.0,1580.0,112871900
2023-01-16,1685.0,1690.0,1665.0,1665.0,18577400
2023-01-17,1675.0,1700.0,1670.0,1690.0,23567100
2023-01-18,1700.0,1710.0,1675.0,1700.0,21170400
2023-01-19,1725.0,1750.0,1695.0,1700.0,37492600
2023-01-20,1770.0,1785.0,1705.0,1725.0,47890100
2023-01-24,1750.0,1790.0,1725.0,1775.0,22581900
2023-01-25,1755.0,1775.0,1740.0,1750.0,12454700
2023-01-26,1690.0,1750.0,1685.0,1745.0,24851100
2023-01-27,1660.0,1700.0,1660.0,1680.0,14259200
2023-01-30,1615.0,1680.0,1610.0,1660.0,25406100
2023-01-31,1640.0,1655.0,1620.0,1620.0,14336100
2023-02-01,1615.0,1640.0,1605.0,1640.0,52135800
2023-02-02,1580.0,1625.0,1575.0,1620.0,65859900
2023-02-03,1490.0,1585.0,1485.0,1580.0,79858600
2023-02-06,1505.0,1530.0,1460.0,1480.0,53286700
2023-02-07,1525.0,1545.0,1495.0,1515.0,57977200
2023-02-08,1495.0,1540.0,1490.0,1535.0,33591000
2023-02-09,1455.0,1490.0,1455.0,1485.0,56414500
2023-02-10,1455.0,1465.0,1405.0,1440.0,44718600
2023-02-13,1500.0,1510.0,1465.0,1470.0,55044700
2023-02-14,1500.0,1515.0,1490.0,1505.0,23797300
2023-02-15,1495.0,1535.0,1480.0,1510.0,57929600
2023-02-16,1500.0,1520.0,1485.0,1510.0,50239400
2023-02-17,1450.0,1510.0,1450.0,1500.0,49139000
2023-02-20,1440.0,1465.0,1420.0,1460.0,20546300
2023-02-21,1420.0,1450.0,1410.0,1440.0,22127100
2023-02-22,1395.0,1445.0,1390.0,1430.0,50783800
2023-02-23,1395.0,1410.0,1370.0,1390.0,47997300
2023-02-24,1395.0,1405.0,1370.0,1400.0,24107900
2023-02-27,1325.0,1395.0,1325.0,1395.0,59391200
2023-02-28,1300.0,1360.0,1290.0,1325.0,61672000
2023-03-01,1345.0,1370.0,1300.0,1310.0,66717900
2023-03-02,1315.0,1360.0,1290.0,1355.0,69086400
2023-03-03,1280.0,1345.0,1270.0,1330.0,92720400
2023-03-06,1275.0,1305.0,1240.0,1280.0,42853800
2023-03-07,1220.0,1275.0,1210.0,1275.0,62806400
2023-03-08,1190.0,1220.0,1170.0,1220.0,82458400
2023-03-09,1170.0,1235.0,1170.0,1195.0,48299500
2023-03-10,1150.0,1180.0,1140.0,1175.0,84006300
2023-03-13,1140.0,1165.0,1120.0,1150.0,58728400
2023-03-14,1070.0,1155.0,1070.0,1145.0,49274800
2023-03-15,1045.0,1095.0,1035.0,1080.0,65509800
2023-03-16,1080.0,1145.0,1010.0,1045.0,111472000
2023-03-17,1155.0,1160.0,1090.0,1090.0,99475100
2023-03-20,1095.0,1155.0,1090.0,1140.0,65824600
2023-03-21,1140.0,1165.0,1090.0,1100.0,59343700
2023-03-24,1100.0,1150.0,1100.0,1130.0,55009500
2023-03-27,1155.0,1170.0,1110.0,1120.0,62755200
2023-03-28,1225.0,1235.0,1155.0,1155.0,73013000
2023-03-29,1235.0,1240.0,1195.0,1230.0,56373900
2023-03-30,1195.0,1240.0,1185.0,1235.0,58950600
2023-03-31,1290.0,1305.0,1165.0,1195.0,313228300
2023-04-03,1235.0,1305.0,1230.0,1295.0,60512000
2023-04-04,1220.0,1250.0,1180.0,1245.0,91378500
2023-04-05,1180.0,1225.0,1170.0,1220.0,48579300
2023-04-06,1175.0,1220.0,1165.0,1180.0,45698200
2023-04-10,1135.0,1200.0,1120.0,1175.0,45435100
2023-04-11,1155.0,1175.0,1125.0,1135.0,34191800
2023-04-12,1150.0,1170.0,1125.0,1170.0,34655400
2023-04-13,1125.0,1160.0,1115.0,1150.0,31411500
2023-04-14,1070.0,1130.0,1055.0,1125.0,72075100
2023-04-17,1070.0,1095.0,1055.0,1080.0,31083400
2023-04-18,1100.0,1115.0,1060.0,1085.0,36365500
2023-04-26,1100.0,1130.0,1090.0,1100.0,65694900
2023-04-27,1090.0,1110.0,1085.0,1100.0,30020900
2023-04-28,1100.0,1115.0,1080.0,1090.0,18135800
2023-05-02,1040.0,1100.0,1030.0,1100.0,47264700
2023-05-03,1010.0,1055.0,1005.0,1035.0,38184800
2023-05-04,1025.0,1025.0,1005.0,1010.0,24181400
2023-05-05,960.0,1025.0,955.0,1025.0,93095700
2023-05-08,955.0,970.0,920.0,960.0,82255100
2023-05-09,950.0,975.0,915.0,955.0,64709500
2023-05-10,945.0,980.0,935.0,950.0,37865900
2023-05-11,930.0,950.0,905.0,940.0,35611600
2023-05-12,905.0,930.0,870.0,920.0,72044600
2023-05-15,890.0,925.0,870.0,895.0,62792400
2023-05-16,840.0,910.0,835.0,890.0,58491600
2023-05-17,880.0,890.0,830.0,840.0,46934600
2023-05-19,835.0,880.0,830.0,880.0,24906800
2023-05-22,825.0,845.0,805.0,840.0,37210400
2023-05-23,805.0,840.0,805.0,825.0,22707200
2023-05-24,805.0,820.0,780.0,810.0,43133700
2023-05-25,775.0,800.0,770.0,790.0,23470500
2023-05-26,765.0,790.0,755.0,780.0,23617000
2023-05-29,770.0,780.0,740.0,765.0,33840800
2023-05-30,800.0,800.0,765.0,780.0,20280200
2023-05-31,780.0,795.0,775.0,790.0,19650600
2023-06-05,815.0,830.0,785.0,785.0,22922800
2023-06-06,820.0,845.0,800.0,825.0,36131500
2023-06-07,830.0,840.0,785.0,820.0,43174900
2023-06-08,840.0,860.0,820.0,830.0,19599800
2023-06-09,830.0,860.0,830.0,840.0,15719300
2023-06-12,845.0,855.0,830.0,830.0,14281800
2023-06-13,815.0,845.0,810.0,845.0,17415700
2023-06-14,830.0,835.0,795.0,815.0,31906700
2023-06-15,820.0,855.0,815.0,830.0,37938700
2023-06-16,810.0,835.0,805.0,830.0,23497700
2023-06-19,815.0,815.0,805.0,810.0,3930400
2023-06-20,805.0,825.0,795.0,815.0,7593300
2023-06-21,840.0,845.0,795.0,805.0,22632800
2023-06-22,935.0,940.0,840.0,840.0,84194800
2023-06-23,955.0,965.0,910.0,935.0,57152800
2023-06-26,930.0,970.0,925.0,955.0,19897700
2023-06-27,925.0,940.0,905.0,935.0,15282700
2023-07-03,935.0,955.0,920.0,925.0,27339100
2023-07-04,1000.0,1010.0,930.0,940.0,69660200
2023-07-05,1055.0,1075.0,990.0,1020.0,111514900
2023-07-06,1040.0,1060.0,1025.0,1055.0,41156400
2023-07-07,1035.0,1050.0,1025.0,1040.0,26349600
2023-07-10,1065.0,1070.0,1025.0,1040.0,32248800
2023-07-11,1055.0,1075.0,1040.0,1070.0,30207000
2023-07-12,1050.0,1070.0,1045.0,1060.0,12946400
2023-07-13,1000.0,1050.0,995.0,1040.0,38734100
2023-07-14,1010.0,1025.0,1005.0,1005.0,16161500
2023-07-17,1015.0,1025.0,995.0,1020.0,22695600
2023-07-18,970.0,1020.0,955.0,1015.0,35579700
2023-07-20,990.0,1010.0,975.0,975.0,30629500
2023-07-21,985.0,1010.0,985.0,1010.0,19080500
2023-07-24,990.0,1005.0,980.0,995.0,21180100
2023-07-25,965.0,1005.0,960.0,990.0,34455300
2023-07-26,990.0,995.0,960.0,970.0,55460100
2023-07-27,960.0,995.0,955.0,990.0,38142300
2023-07-28,960.0,975.0,935.0,965.0,14626100
2023-07-31,925.0,970.0,925.0,955.0,20168300
2023-08-01,940.0,945.0,925.0,930.0,8759300
2023-08-02,925.0,945.0,920.0,940.0,8338400
2023-08-03,995.0,1000.0,920.0,920.0,52392600
2023-08-04,1020.0,1035.0,995.0,995.0,51389400
2023-08-07,1010.0,1080.0,990.0,1030.0,25064800
2023-08-08,995.0,1025.0,975.0,1025.0,32516500
2023-08-09,980.0,1005.0,980.0,1000.0,8446800
2023-08-10,1010.0,1010.0,975.0,980.0,23156500
2023-08-11,990.0,1010.0,990.0,1010.0,11024600
2023-08-14,1050.0,1060.0,985.0,995.0,63254800
2023-08-15,1155.0,1165.0,1050.0,1055.0,138945100
2023-08-16,1110.0,1155.0,1105.0,1155.0,55048400
2023-08-18,1180.0,1210.0,1100.0,1110.0,179623800
2023-08-21,1225.0,1240.0,1130.0,1175.0,79109700
2023-08-22,1210.0,1260.0,1185.0,1225.0,78195600
2023-08-23,1180.0,1235.0,1155.0,1215.0,84562300
2023-08-24,1225.0,1235.0,1175.0,1180.0,49505300
2023-08-25,1180.0,1225.0,1180.0,1225.0,36945700
2023-08-28,1240.0,1255.0,1185.0,1190.0,64436400
2023-08-29,1215.0,1270.0,1210.0,1240.0,51373600
2023-08-30,1275.0,1300.0,1190.0,1220.0,128455600
2023-08-31,1360.0,1375.0,1270.0,1280.0,145142800
2023-09-01,1360.0,1395.0,1335.0,1365.0,58714200
2023-09-04,1355.0,1385.0,1340.0,1365.0,35115000
2023-09-05,1325.0,1370.0,1265.0,1365.0,73566000
2023-09-06,1365.0,1375.0,1330.0,1330.0,51182500
2023-09-07,1395.0,1425.0,1340.0,1370.0,100587900
2023-09-08,1395.0,1425.0,1390.0,1395.0,40311500
2023-09-11,1400.0,1415.0,1360.0,1395.0,34195900
2023-09-12,1440.0,1440.0,1375.0,1405.0,35844300
2023-09-13,1395.0,1460.0,1385.0,1460.0,40787800
2023-09-14,1430.0,1440.0,1395.0,1405.0,27334200
2023-09-15,1440.0,1455.0,1405.0,1445.0,21032400
2023-09-18,1510.0,1510.0,1435.0,1440.0,62606500
2023-09-19,1515.0,1525.0,1495.0,1515.0,36529000
2023-09-20,1540.0,1570.0,1515.0,1520.0,57174100
2023-09-21,1490.0,1555.0,1490.0,1540.0,57593800
2023-09-22,1480.0,1505.0,1460.0,1500.0,26620500
2023-09-25,1435.0,1500.0,1430.0,1485.0,34639900
2023-09-26,1315.0,1465.0,1275.0,1440.0,110683700
2023-09-27,1355.0,1370.0,1315.0,1320.0,68251900
2023-09-29,1305.0,1405.0,1295.0,1360.0,51014700
2023-10-02,1315.0,1320.0,1220.0,1305.0,69607000
2023-10-03,1240.0,1315.0,1235.0,1315.0,58107700
2023-10-04,1150.0,1240.0,1120.0,1235.0,147917700
2023-10-05,1190.0,1235.0,1125.0,1125.0,111570600
2023-10-06,1215.0,1240.0,1175.0,1190.0,67007300
2023-10-09,1250.0,1265.0,1205.0,1215.0,60634300
2023-10-10,1335.0,1360.0,1230.0,1260.0,105312800
2023-10-11,1250.0,1355.0,1240.0,1335.0,90218100
2023-10-12,1200.0,1275.0,1140.0,1260.0,103858000
2023-10-13,1155.0,1215.0,1150.0,1200.0,49650400
2023-10-16,1180.0,1215.0,1155.0,1170.0,61986000
2023-10-17,1235.0,1245.0,1185.0,1200.0,61807200
2023-10-18,1300.0,1350.0,1215.0,1280.0,116212200
2023-10-19,1245.0,1350.0,1220.0,1350.0,79929500
2023-10-20,1220.0,1245.0,1180.0,1245.0,81105200
2023-10-23,1165.0,1220.0,1165.0,1220.0,40280300
2023-10-24,1200.0,1205.0,1165.0,1165.0,31212700
2023-10-25,1185.0,1220.0,1185.0,1200.0,23483300
2023-10-26,1110.0,1200.0,1095.0,1190.0,53373000
2023-10-27,1095.0,1130.0,1085.0,1110.0,26487600
2023-10-30,1115.0,1115.0,1065.0,1100.0,25508600
2023-10-31,1100.0,1135.0,1060.0,1115.0,22797200
2023-11-01,1095.0,1130.0,1060.0,1100.0,25167900
2023-11-02,1160.0,1180.0,1095.0,1095.0,39401300
2023-11-03,1190.0,1225.0,1170.0,1175.0,51027200
2023-11-06,1270.0,1275.0,1195.0,1195.0,61745600
2023-11-07,1240.0,1280.0,1220.0,1270.0,23635100
2023-11-08,1175.0,1240.0,1160.0,1240.0,46649700
2023-11-09,1185.0,1215.0,1185.0,1185.0,15904900
2023-11-10,1175.0,1215.0,1165.0,1185.0,13381600
2023-11-13,1125.0,1190.0,1125.0,1190.0,23200700
2023-11-14,1185.0,1210.0,1120.0,1125.0,24202100
2023-11-15,1235.0,1250.0,1195.0,1200.0,32139800
2023-11-16,1210.0,1235.0,1185.0,1220.0,16077400
2023-11-17,1185.0,1245.0,1185.0,1200.0,13506200
2023-11-20,1165.0,1210.0,1165.0,1190.0,13413100
2023-11-21,1210.0,1225.0,1170.0,1175.0,16072000
2023-11-22,1205.0,1220.0,1190.0,1210.0,14674600
2023-11-23,1190.0,1215.0,1180.0,1205.0,9172900
2023-11-24,1180.0,1200.0,1170.0,1200.0,12216900
2023-11-27,1255.0,1340.0,1180.0,1180.0,107033800
2023-11-28,1255.0,1275.0,1235.0,1265.0,23489700
2023-11-29,1265.0,1300.0,1240.0,1260.0,19359800
2023-11-30,1325.0,1340.0,1265.0,1265.0,60080500
2023-12-01,1275.0,1350.0,1255.0,1325.0,34732800
2023-12-04,1300.0,1320.0,1255.0,1280.0,30761200
2023-12-05,1300.0,1360.0,1290.0,1305.0,29321600
2023-12-06,1300.0,1335.0,1300.0,1310.0,15688200
2023-12-07,1305.0,1325.0,1280.0,1295.0,28377900
2023-12-08,1370.0,1400.0,1310.0,1310.0,50683400
2023-12-11,1390.0,1440.0,1365.0,1370.0,46007100
2023-12-12,1395.0,1435.0,1370.0,1405.0,25499200
2023-12-13,1305.0,1420.0,1300.0,1395.0,33125800
2023-12-14,1380.0,1380.0,1305.0,1305.0,27536900
2023-12-15,1415.0,1430.0,1370.0,1390.0,24369500
2023-12-18,1385.0,1485.0,1380.0,1405.0,53575000
2023-12-19,1440.0,1460.0,1385.0,1390.0,16471700
2023-12-20,1410.0,1470.0,1405.0,1450.0,19455700
2023-12-21,1370.0,1410.0,1355.0,1410.0,15891200
2023-12-22,1345.0,1395.0,1325.0,1370.0,14740000
2023-12-27,1330.0,1360.0,1330.0,1360.0,16676800
2023-12-28,1365.0,1385.0,1320.0,1335.0,15519200
2023-12-29,1360.0,1375.0,1335.0,1365.0,9658600
2024-01-02,1410.0,1415.0,1355.0,1355.0,16832300
2024-01-03,1390.0,1415.0,1375.0,1415.0,19641000
2024-01-04,1405.0,1420.0,1385.0,1390.0,11072700
2024-01-05,1370.0,1420.0,1360.0,1410.0,18888500
2024-01-08,1330.0,1370.0,1305.0,1370.0,28606200
2024-01-09,1285.0,1350.0,1260.0,1345.0,34696100
2024-01-10,1350.0,1355.0,1280.0,1290.0,31769900
2024-01-11,1365.0,1380.0,1330.0,1350.0,25320100
2024-01-12,1355.0,1380.0,1340.0,1370.0,14620000
2024-01-15,1355.0,1355.0,1355.0,1355.0,0
2024-01-16,1315.0,1340.0,1305.0,1340.0,11688000
2024-01-17,1285.0,1315.0,1270.0,1315.0,30140200
2024-01-18,1285.0,1315.0,1275.0,1275.0,14175300
2024-01-19,1295.0,1315.0,1280.0,1285.0,12234700
2024-01-22,1295.0,1305.0,1285.0,1295.0,6919500
2024-01-23,1355.0,1400.0,1280.0,1295.0,26589900
2024-01-24,1365.0,1380.0,1335.0,1360.0,30370800
2024-01-25,1375.0,1410.0,1370.0,1370.0,32924400
2024-01-26,1305.0,1375.0,1300.0,1375.0,33459900
2024-01-29,1380.0,1390.0,1310.0,1310.0,25974000
2024-01-30,1485.0,1485.0,1350.0,1380.0,67587100
2024-01-31,1475.0,1500.0,1460.0,1495.0,22227400
2024-02-01,1430.0,1475.0,1430.0,1470.0,13504000
2024-02-02,1410.0,1455.0,1385.0,1430.0,27833500
2024-02-05,1490.0,1490.0,1415.0,1420.0,29681500
2024-02-06,1455.0,1520.0,1435.0,1495.0,31230200
2024-02-07,1460.0,1465.0,1425.0,1455.0,11862000
2024-02-12,1480.0,1500.0,1440.0,1465.0,23205000
2024-02-13,1480.0,1495.0,1450.0,1480.0,17103300
2024-02-15,1530.0,1595.0,1495.0,1505.0,91698800
2024-02-16,1420.0,1545.0,1395.0,1530.0,92386900
2024-02-19,1410.0,1430.0,1380.0,1420.0,36991600
2024-02-20,1445.0,1465.0,1400.0,1420.0,48402300
2024-02-21,1455.0,1485.0,1435.0,1450.0,34217500
2024-02-22,1455.0,1475.0,1440.0,1455.0,14721700
2024-02-23,1470.0,1485.0,1440.0,1460.0,22860800
2024-02-26,1515.0,1515.0,1460.0,1470.0,28285000
2024-02-27,1525.0,1535.0,1490.0,1515.0,26991500
2024-02-28,1555.0,1575.0,1505.0,1525.0,43323400
2024-02-29,1550.0,1555.0,1535.0,1555.0,15482700
2024-03-01,1490.0,1600.0,1480.0,1600.0,43102000
2024-03-04,1480.0,1525.0,1480.0,1490.0,14832600
2024-03-05,1435.0,1485.0,1420.0,1480.0,33800500
2024-03-06,1500.0,1500.0,1445.0,1445.0,21261100
2024-03-07,1470.0,1520.0,1460.0,1505.0,21925800
2024-03-08,1455.0,1490.0,1450.0,1470.0,14959800
2024-03-13,1330.0,1465.0,1325.0,1450.0,73203600
2024-03-14,1345.0,1370.0,1330.0,1330.0,29543300
2024-03-15,1365.0,1365.0,1335.0,1345.0,20446200
2024-03-18,1315.0,1375.0,1310.0,1365.0,33262800
2024-03-19,1325.0,1340.0,1310.0,1315.0,9544000
2024-03-20,1350.0,1370.0,1310.0,1325.0,26770800
2024-03-21,1320.0,1365.0,1315.0,1350.0,23929400
2024-03-22,1300.0,1330.0,1290.0,1330.0,21290100
2024-03-25,1300.0,1300.0,1300.0,1300.0,0
2024-03-26,1300.0,1300.0,1300.0,1300.0,0
2024-03-27,1330.0,1355.0,1330.0,1345.0,13441200
2024-03-28,1310.0,1345.0,1300.0,1335.0,13488600
2024-04-01,1305.0,1350.0,1300.0,1310.0,25678200
2024-04-02,1290.0,1320.0,1260.0,1305.0,26818100
2024-04-03,1310.0,1320.0,1285.0,1290.0,24912700
2024-04-04,1350.0,1350.0,1305.0,1310.0,23446100
2024-04-05,1340.0,1360.0,1325.0,1360.0,11497100
2024-04-16,1440.0,1445.0,1325.0,1350.0,45559500
2024-04-17,1380.0,1450.0,1370.0,1440.0,34808500
2024-04-18,1400.0,1400.0,1355.0,1385.0,17258100
2024-04-19,1400.0,1410.0,1365.0,1400.0,11341700
2024-04-22,1440.0,1460.0,1395.0,1400.0,41961700
2024-04-23,1410.0,1450.0,1410.0,1440.0,10227700
2024-04-24,1350.0,1420.0,1350.0,1415.0,22315200
2024-04-25,1300.0,1355.0,1290.0,1355.0,31287800
2024-04-26,1320.0,1325.0,1285.0,1300.0,6401600
2024-04-29,1340.0,1340.0,1310.0,1325.0,6343100
2024-04-30,1345.0,1350.0,1310.0,1340.0,10715400
2024-05-02,1355.0,1385.0,1330.0,1350.0,21442300
2024-05-03,1330.0,1375.0,1320.0,1350.0,7314200
2024-05-06,1345.0,1355.0,1300.0,1330.0,10872700
2024-05-07,1350.0,1360.0,1320.0,1350.0,9219500
2024-05-08,1315.0,1355.0,1310.0,1345.0,6606000
2024-05-13,1320.0,1325.0,1315.0,1315.0,6904900
2024-05-14,1330.0,1340.0,1310.0,1320.0,11226300
2024-05-15,1325.0,1350.0,1295.0,1330.0,13683800
2024-05-16,1305.0,1335.0,1300.0,1325.0,7397500
2024-05-17,1300.0,1315.0,1290.0,1310.0,7055300
2024-05-20,1320.0,1360.0,1300.0,1300.0,33830000
2024-05-21,1340.0,1355.0,1325.0,1330.0,13173500
2024-05-22,1370.0,1375.0,1340.0,1340.0,25619400
2024-05-27,1400.0,1425.0,1370.0,1370.0,47880400
2024-05-28,1485.0,1510.0,1390.0,1405.0,88515300
2024-05-29,1450.0,1495.0,1430.0,1480.0,26418800
2024-05-30,1485.0,1495.0,1435.0,1445.0,23876300
2024-05-31,1450.0,1510.0,1445.0,1485.0,19192000
2024-06-03,1410.0,1480.0,1380.0,1450.0,23437600
2024-06-04,1340.0,1430.0,1335.0,1410.0,42011800
2024-06-05,1340.0,1365.0,1320.0,1340.0,26387700
2024-06-06,1345.0,1370.0,1340.0,1340.0,6921500
2024-06-07,1330.0,1375.0,1315.0,1350.0,16721500
2024-06-10,1305.0,1335.0,1290.0,1335.0,15348500
2024-06-11,1320.0,1330.0,1305.0,1310.0,12307400
2024-06-12,1385.0,1385.0,1310.0,1325.0,20759800
2024-06-13,1315.0,1400.0,1315.0,1385.0,33546300
2024-06-14,1305.0,1330.0,1300.0,1325.0,10150600
2024-06-19,1345.0,1355.0,1300.0,1310.0,17284900
2024-06-20,1355.0,1360.0,1335.0,1345.0,11529700
2024-06-21,1350.0,1395.0,1350.0,1355.0,21583000
2024-06-24,1320.0,1400.0,1320.0,1400.0,15945300
2024-06-25,1310.0,1335.0,1305.0,1330.0,18709000
2024-06-26,1325.0,1350.0,1310.0,1315.0,15234600
2024-06-27,1330.0,1350.0,1320.0,1320.0,13567900
2024-06-28,1320.0,1340.0,1310.0,1330.0,21181700
2024-07-01,1340.0,1360.0,1320.0,1325.0,26737500
2024-07-02,1395.0,1420.0,1340.0,1340.0,76428300
2024-07-03,1360.0,1405.0,1340.0,1390.0,45290800
2024-07-04,1385.0,1385.0,1345.0,1360.0,17641100
2024-07-05,1370.0,1390.0,1365.0,1385.0,15363000
2024-07-08,1370.0,1405.0,1350.0,1370.0,17606600
2024-07-09,1340.0,1380.0,1335.0,1370.0,20463900
2024-07-10,1355.0,1355.0,1320.0,1340.0,16230000
2024-07-11,1360.0,1365.0,1340.0,1355.0,13973300
2024-07-12,1350.0,1370.0,1335.0,1360.0,8674400
2024-07-15,1355.0,1375.0,1335.0,1355.0,23483500
2024-07-16,1345.0,1375.0,1340.0,1355.0,16513900
2024-07-17,1325.0,1360.0,1310.0,1350.0,33460800
2024-07-18,1345.0,1350.0,1315.0,1325.0,43575900
2024-07-19,1345.0,1385.0,1340.0,1345.0,62779600
2024-07-22,1385.0,1390.0,1345.0,1350.0,55041100
2024-07-23,1345.0,1405.0,1335.0,1365.0,49047000
2024-07-24,1320.0,1350.0,1320.0,1345.0,29241600
2024-07-25,1315.0,1340.0,1310.0,1320.0,17753500
2024-07-26,1325.0,1335.0,1315.0,1315.0,13257700
2024-07-29,1360.0,1365.0,1325.0,1330.0,34512200
2024-07-30,1335.0,1365.0,1335.0,1350.0,16697300
2024-07-31,1340.0,1350.0,1335.0,1340.0,15925300
2024-08-01,1335.0,1355.0,1330.0,1345.0,20045200
2024-08-02,1350.0,1360.0,1320.0,1335.0,24537300
2024-08-05,1245.0,1350.0,1240.0,1300.0,57410500
2024-08-06,1255.0,1285.0,1230.0,1250.0,42198600
2024-08-07,1315.0,1315.0,1260.0,1260.0,25402600
2024-08-08,1305.0,1325.0,1290.0,1315.0,20820300
2024-08-09,1320.0,1340.0,1305.0,1305.0,13468000
2024-08-12,1310.0,1340.0,1300.0,1320.0,17901000
2024-08-13,1305.0,1330.0,1295.0,1310.0,17618100
2024-08-14,1295.0,1320.0,1285.0,1310.0,23577300
2024-08-15,1270.0,1300.0,1265.0,1300.0,48121400
2024-08-16,1300.0,1305.0,1275.0,1280.0,23976800
2024-08-19,1290.0,1305.0,1280.0,1300.0,19721300
2024-08-20,1290.0,1300.0,1270.0,1290.0,33029800
2024-08-21,1280.0,1300.0,1275.0,1290.0,16121600
2024-08-22,1270.0,1290.0,1260.0,1280.0,40271300
2024-08-23,1275.0,1300.0,1265.0,1270.0,41597600
2024-08-26,1275.0,1300.0,1270.0,1285.0,34357800
2024-08-27,1280.0,1315.0,1275.0,1295.0,66007100
2024-08-28,1305.0,1305.0,1280.0,1285.0,60163200
2024-08-29,1305.0,1325.0,1295.0,1305.0,43692700
2024-08-30,1285.0,1315.0,1280.0,1305.0,29245800
2024-09-02,1285.0,1305.0,1280.0,1290.0,24570200
2024-09-03,1280.0,1300.0,1280.0,1290.0,18494900
2024-09-04,1270.0,1290.0,1260.0,1280.0,16452700
2024-09-05,1290.0,1290.0,1270.0,1275.0,18552500
2024-09-06,1275.0,1320.0,1275.0,1300.0,17719700
2024-09-09,1285.0,1290.0,1270.0,1280.0,15547200
2024-09-10,1275.0,1290.0,1275.0,1285.0,16308700
2024-09-11,1270.0,1280.0,1265.0,1275.0,18105900
2024-09-12,1290.0,1315.0,1280.0,1300.0,56459000
2024-09-13,1300.0,1310.0,1285.0,1295.0,40575000
2024-09-17,1335.0,1340.0,1295.0,1305.0,41647000
2024-09-18,1325.0,1340.0,1320.0,1340.0,21700100
2024-09-19,1360.0,1365.0,1305.0,1325.0,65705200
2024-09-20,1350.0,1385.0,1340.0,1365.0,218874300
2024-09-23,1330.0,1355.0,1315.0,1340.0,31774300
2024-09-24,1320.0,1335.0,1315.0,1330.0,19942300
2024-09-25,1350.0,1370.0,1320.0,1320.0,53509900
2024-09-26,1425.0,1430.0,1350.0,1350.0,89962400
2024-09-27,1510.0,1560.0,1425.0,1430.0,135329200
2024-09-30,1450.0,1545.0,1445.0,1520.0,79095600
2024-10-01,1505.0,1525.0,1430.0,1455.0,57263400
2024-10-02,1545.0,1585.0,1475.0,1510.0,105867200
2024-10-03,1530.0,1570.0,1510.0,1545.0,37623800
2024-10-04,1505.0,1535.0,1485.0,1530.0,24590800
2024-10-07,1525.0,1555.0,1505.0,1505.0,30970400
2024-10-08,1440.0,1545.0,1435.0,1530.0,65590100
2024-10-09,1475.0,1480.0,1400.0,1440.0,35491600
2024-10-10,1450.0,1475.0,1445.0,1475.0,12668200
2024-10-11,1430.0,1470.0,1415.0,1465.0,26124200
2024-10-14,1420.0,1445.0,1410.0,1425.0,18952500
2024-10-15,1440.0,1455.0,1420.0,1425.0,15443700
2024-10-16,1445.0,1460.0,1425.0,1440.0,20985700
2024-10-17,1415.0,1455.0,1410.0,1455.0,33483100
2024-10-18,1430.0,1430.0,1400.0,1430.0,23253000
2024-10-21,1460.0,1480.0,1430.0,1430.0,34991400
2024-10-22,1450.0,1470.0,1440.0,1460.0,24960700
2024-10-23,1440.0,1455.0,1420.0,1450.0,16500900
2024-10-24,1415.0,1440.0,1390.0,1420.0,8656600
2024-10-25,1400.0,1425.0,1400.0,1415.0,11772700
2024-10-28,1460.0,1475.0,1415.0,1415.0,51999100
2024-10-29,1455.0,1470.0,1435.0,1460.0,18373000
2024-10-30,1410.0,1450.0,1370.0,1435.0,32251600
2024-10-31,1400.0,1430.0,1400.0,1425.0,26705000
2024-11-01,1390.0,1410.0,1385.0,1400.0,14431600
2024-11-04,1365.0,1395.0,1360.0,1390.0,13195000
2024-11-05,1395.0,1420.0,1360.0,1360.0,22893300
2024-11-06,1350.0,1410.0,1350.0,1405.0,15194800
2024-11-07,1360.0,1390.0,1315.0,1350.0,14272800
2024-11-08,1395.0,1395.0,1350.0,1370.0,14225100
2024-11-11,1345.0,1405.0,1345.0,1405.0,8812700
2024-11-12,1375.0,1385.0,1350.0,1385.0,13092000
2024-11-13,1365.0,1390.0,1360.0,1375.0,10445800
2024-11-14,1330.0,1365.0,1320.0,1365.0,15339000
2024-11-15,1310.0,1350.0,1295.0,1325.0,16033200
2024-11-18,1255.0,1335.0,1250.0,1315.0,19328400
2024-11-19,1295.0,1320.0,1260.0,1265.0,16765700
2024-11-20,1310.0,1345.0,1285.0,1290.0,12128000
2024-11-21,1315.0,1355.0,1290.0,1315.0,17014900
2024-11-22,1290.0,1335.0,1280.0,1325.0,11428000
2024-11-25,1265.0,1305.0,1260.0,1290.0,24469200
2024-11-26,1270.0,1295.0,1265.0,1265.0,21262900
2024-11-28,1265.0,1280.0,1260.0,1270.0,4431200
2024-11-29,1225.0,1265.0,1225.0,1265.0,15698400
2024-12-02,1250.0,1310.0,1230.0,1230.0,19947600
2024-12-03,1250.0,1275.0,1235.0,1260.0,24793000
2024-12-04,1275.0,1280.0,1255.0,1270.0,15208500
2024-12-05,1320.0,1340.0,1275.0,1285.0,20048800
2024-12-06,1315.0,1335.0,1305.0,1330.0,10515900
2024-12-09,1345.0,1380.0,1295.0,1325.0,29862000
2024-12-10,1320.0,1380.0,1320.0,1355.0,28362800
2024-12-11,1300.0,1335.0,1290.0,1320.0,12875800
2024-12-12,1270.0,1310.0,1270.0,1300.0,11243900
2024-12-13,1240.0,1285.0,1235.0,1270.0,23085600
2024-12-16,1200.0,1240.0,1190.0,1240.0,25410200
2024-12-17,1165.0,1215.0,1160.0,1200.0,18082400
2024-12-18,1140.0,1180.0,1120.0,1165.0,21387600
2024-12-19,1130.0,1150.0,1055.0,1100.0,44493400
2024-12-20,1150.0,1165.0,1100.0,1130.0,18173400
2024-12-23,1120.0,1170.0,1080.0,1160.0,24277800
2024-12-24,1150.0,1160.0,1100.0,1120.0,10891800
2024-12-27,1135.0,1175.0,1130.0,1150.0,12767900
2024-12-30,1200.0,1200.0,1135.0,1160.0,14081300
2025-01-02,1165.0,1205.0,1155.0,1200.0,11952000
2025-01-03,1130.0,1185.0,1125.0,1165.0,12036100
2025-01-06,1105.0,1145.0,1105.0,1140.0,11273600
2025-01-07,1080.0,1125.0,1070.0,1120.0,22043500
2025-01-08,1050.0,1100.0,1035.0,1080.0,32939300
2025-01-09,1030.0,1055.0,1015.0,1050.0,21203700
2025-01-10,1050.0,1060.0,1030.0,1030.0,23371600
2025-01-13,1030.0,1055.0,1025.0,1050.0,16480200
2025-01-14,1035.0,1055.0,1030.0,1050.0,18204700
2025-01-15,1040.0,1055.0,1030.0,1040.0,14259200
2025-01-16,1050.0,1080.0,1040.0,1040.0,28111200
2025-01-17,1045.0,1065.0,1040.0,1055.0,15274700
2025-01-20,1025.0,1065.0,1025.0,1055.0,22774000
2025-01-21,1000.0,1040.0,990.0,1030.0,31979100
2025-01-22,1020.0,1030.0,1000.0,1000.0,16332800
2025-01-23,1030.0,1045.0,1015.0,1030.0,10346000
2025-01-24,1020.0,1055.0,1020.0,1035.0,14752100
2025-01-30,1010.0,1030.0,1000.0,1030.0,10817200
2025-01-31,1005.0,1020.0,1005.0,1010.0,8233200
2025-02-03,945.0,1010.0,920.0,1005.0,71464200
2025-02-04,910.0,960.0,905.0,945.0,54274700
2025-02-05,910.0,930.0,900.0,915.0,28599800
2025-02-06,885.0,915.0,880.0,910.0,27269700
2025-02-07,870.0,895.0,860.0,885.0,16499400
2025-02-10,850.0,880.0,835.0,870.0,21580100
2025-02-11,805.0,860.0,800.0,850.0,33995400
2025-02-12,825.0,845.0,795.0,805.0,25287800
2025-02-13,805.0,835.0,795.0,830.0,29590100
2025-02-14,830.0,840.0,810.0,810.0,12847600
2025-02-17,850.0,855.0,825.0,835.0,17483100
2025-02-18,860.0,880.0,850.0,855.0,20810300
2025-02-19,845.0,865.0,835.0,860.0,11285800
2025-02-20,820.0,850.0,815.0,850.0,22106500
2025-02-21,830.0,835.0,805.0,820.0,8961100
2025-02-24,815.0,830.0,810.0,830.0,15761700
2025-02-25,795.0,825.0,785.0,820.0,21141200
2025-02-26,795.0,820.0,795.0,795.0,19861400
2025-02-27,820.0,845.0,800.0,815.0,23698900
2025-02-28,775.0,825.0,775.0,820.0,24949600
2025-03-03,790.0,805.0,780.0,785.0,19130500
2025-03-04,705.0,815.0,700.0,810.0,69464700
2025-03-05,735.0,750.0,705.0,705.0,39789600
2025-03-06,855.0,915.0,760.0,760.0,175158200
2025-03-07,890.0,945.0,830.0,865.0,145447500
2025-03-10,860.0,925.0,860.0,915.0,56816100
2025-03-11,865.0,890.0,835.0,850.0,43044300
2025-03-12,865.0,880.0,830.0,870.0,31679800
2025-03-13,895.0,910.0,855.0,865.0,48045200
2025-03-14,885.0,900.0,860.0,900.0,23792200
2025-03-17,885.0,915.0,875.0,895.0,23906700
2025-03-18,885.0,895.0,825.0,890.0,36789700
2025-03-19,895.0,920.0,860.0,880.0,37333100
2025-03-20,905.0,935.0,895.0,895.0,48967800
2025-03-21,900.0,910.0,865.0,910.0,33142300
2025-03-24,885.0,895.0,840.0,895.0,25521800
2025-03-25,890.0,900.0,870.0,895.0,9036900
2025-03-26,900.0,930.0,890.0,900.0,19699400
2025-03-27,900.0,910.0,890.0,900.0,13323700
2025-04-08,790.0,810.0,765.0,810.0,48162000
2025-04-09,790.0,815.0,770.0,790.0,32592200
2025-04-10,830.0,850.0,815.0,835.0,40395300
2025-04-11,825.0,845.0,810.0,825.0,24246400
2025-04-14,880.0,910.0,820.0,825.0,51968100
2025-04-15,885.0,905.0,865.0,880.0,23940300
2025-04-16,905.0,935.0,890.0,890.0,39277600
2025-04-17,900.0,915.0,885.0,910.0,13095700
2025-04-21,900.0,920.0,900.0,900.0,6967100
2025-04-22,980.0,1005.0,900.0,905.0,84434900
2025-04-23,955.0,995.0,950.0,990.0,34855100
2025-04-24,940.0,970.0,935.0,960.0,25939100
2025-04-25,960.0,985.0,945.0,945.0,28150700
2025-04-28,955.0,975.0,955.0,965.0,15115300
2025-04-29,950.0,965.0,950.0,960.0,10200000
2025-04-30,900.0,930.0,900.0,925.0,43977000
2025-05-02,905.0,910.0,880.0,900.0,19146400
2025-05-05,905.0,925.0,890.0,905.0,27313400
2025-05-06,910.0,920.0,905.0,910.0,13401800
2025-05-07,915.0,930.0,905.0,915.0,26557600
2025-05-08,900.0,920.0,895.0,915.0,30689500
2025-05-09,900.0,910.0,895.0,895.0,15486500
2025-05-14,905.0,920.0,900.0,905.0,21583200
2025-05-15,900.0,915.0,895.0,910.0,47060900
2025-05-16,950.0,965.0,895.0,905.0,129203900
2025-05-19,1000.0,1025.0,955.0,955.0,180392700
2025-05-20,990.0,1025.0,985.0,1010.0,84529200
2025-05-21,1090.0,1100.0,990.0,1000.0,152274900
2025-05-22,1095.0,1120.0,1065.0,1090.0,82813500
2025-05-23,1080.0,1105.0,1065.0,1080.0,37803700
